id;title;cinematografia_num;narrativa_impact_num;reconhe_buzz_num;marketing_num;elegibilidade_num;atuacao_num;genero;cinematografia;narrativa_impact;reconhe_buzz;marketing_visbilidade;elegibilidade_Timing;atuacao
59990;O Pagador de Promessas;9.5;9.5;10;8.5;9.0;9.5;Drama;O filme é um exemplo de alta qualidade técnica e artística. O roteiro de Dias Gomes é universal, a direção de Anselmo Duarte é sensível e a atuação de Leonardo Villar é icônica. A cinematografia em preto e branco de Affonso Beato e a edição eficaz contribuem para uma obra coesa e impactante, validando-o como artisticamente notável.;A história de Zé do Burro ressoou profundamente, abordando temas universais como fé popular, dignidade, fanatismo e intolerância institucional. Sua originalidade e profundidade emocional o tornaram um filme com forte relevância social, conectando-se com a experiência humana de fé e sacrifício.;Vencedor da Palma de Ouro em Cannes (1962), o que gerou enorme buzz internacional e o estabeleceu como um filme de prestígio. Indicado ao Oscar de Melhor Filme Estrangeiro em 1963, consolidando seu reconhecimento como o primeiro filme brasileiro indicado na categoria.;"Impulsionada pela Palma de Ouro, a campanha de marketing foi estratégica ao capitalizar o sucesso de Cannes para garantir visibilidade junto aos votantes da Academia. Embora com recursos limitados, o prêmio em si atuou como um poderoso material de ""For Your Consideration"", elevando o perfil do filme.";O filme cumpriu todas as regras de elegibilidade para o Oscar de 1963 (filmes de 1962). Seu timing foi favorável, alinhado com o crescente interesse da Academia por filmes de autor internacionais e temáticas sociais relevantes da década de 1960.;A atuação de Leonardo Villar como Zé do Burro é extraordinária e central. Ele transmite com maestria a pureza, a teimosia e a devoção do personagem, sustentando a complexidade emocional da trama. O elenco de apoio também entrega performances autênticas que enriquecem o realismo e o drama da história.
43001;Les dimanches de Ville d'Avray (Sinfonia de um Amor);8.5;8.8;9.0;8.5;9.0;9.0;Drama;O filme é artisticamente ambicioso, com uma cinematografia poética e visualmente impactante, em preto e branco. A direção de Serge Bourguignon é sensível, explorando a complexidade psicológica dos personagens. A edição e o design de som são elogiados por criar uma atmosfera etérea.;A narrativa explora temas delicados como trauma, inocência, a solidão e a natureza da pureza versus a percepção social. A relação entre Pierre e Françoise é profundamente emocional e provocadora, gerando discussões sobre as convenções morais e a incompreensão.;"Vencedor do Oscar de Melhor Filme Estrangeiro em 1963, competindo diretamente com ""O Pagador de Promessas"". Esta vitória cimentou seu status internacional.";A campanha focou na sua profundidade emocional e na beleza visual. Sua temática sensível exigia uma abordagem cuidadosa, e a qualidade artística foi o principal argumento de FYC, culminando na vitória sobre fortes concorrentes.;Cumpriu os requisitos de elegibilidade para o Oscar de 1963. O timing foi favorável para filmes com narrativas emocionais e temas psicológicos complexos, que atraíam a Academia na época.;Hardy Krüger entrega uma performance contida e expressiva, transmitindo o sofrimento e a gentileza de Pierre. Patricia Gozzi é reveladora como Françoise, com uma atuação cheia de inocência e sabedoria que é central para a emoção do filme. A química entre os dois é convincente e delicada.
47447;Elektra (Electra);8.5;8.8;8.0;7.5;8.5;9.0;Drama;O filme é uma adaptação cinematográfica poderosa de uma tragédia clássica. A direção de Michael Cacoyannis é grandiosa e estilizada, com uma cinematografia em preto e branco que realça o drama e o desespero. O design de produção e o uso da paisagem grega contribuem para uma estética imponente e autêntica.;A narrativa se baseia em uma das mais impactantes histórias da mitologia grega, explorando temas universais de vingança, justiça, culpa e o destino trágico. A intensidade emocional e a relevância duradoura da tragédia grega ressoam profundamente.;"Indicado ao Oscar de Melhor Filme Estrangeiro em 1963, concorrendo com ""O Pagador de Promessas"". Obteve sucesso em festivais, incluindo o prêmio de Melhor Transposição Cinematográfica em Cannes (1962).";A campanha de visibilidade provavelmente focou na sua grandiosidade estética e na força da história clássica, além da atuação de Irene Papas. Direcionado a um público que valoriza adaptações literárias e dramas intensos.;Atendeu aos critérios de elegibilidade para o Oscar de 1963. O timing foi favorável para obras que reinterpretavam clássicos com uma visão moderna e impactante, o que era apreciado na época.;Irene Papas entrega uma performance monumental como Elektra, expressando a dor, a fúria e a determinação da personagem com uma intensidade visceral. É uma atuação marcante que carrega grande parte do peso dramático do filme, sendo amplamente elogiada.
194163;Tlayucan;8.0;8.5;7.0;7.0;8.0;8.0;Drama;O filme apresenta uma cinematografia que captura a autenticidade da vida rural mexicana, com paisagens que complementam a narrativa. A direção de Luis Alcoriza é eficaz em construir um drama humanista com toques de comédia. A edição contribui para um ritmo envolvente, e a produção é realista para o contexto.;A narrativa é uma fábula moral sobre fé, pobreza, sacrifício e a comunidade. Explora a hipocrisia e a compaixão humana em face do desespero, ressoando por sua universalidade e a representação honesta do cotidiano. É uma história que inspira reflexão sobre julgamento e perdão.;"Indicado ao Oscar de Melhor Filme Estrangeiro em 1963, competindo com ""O Pagador de Promessas"". Sua indicação ao Oscar já foi um reconhecimento significativo.";A campanha de marketing, para um filme mexicano da época, provavelmente se baseou na sua temática humanista e no apelo de sua história de superação. A indicação ao Oscar foi a principal ferramenta de visibilidade para o público internacional.;Cumpriu os requisitos de elegibilidade para o Oscar de 1963. O timing foi favorável para filmes que abordavam realidades sociais e culturais específicas, com uma sensibilidade universal, algo valorizado na categoria de Filme Estrangeiro.;O elenco entrega atuações convincentes, com destaque para a figura central de Eufemio, que transmite o desespero e a ingenuidade de seu personagem. As performances coletivas do elenco refletem bem a dinâmica e os valores da comunidade rural.
;;;;;;;;;;;;;;
67617;O Quatrilho;9;8.5;9.5;7.5;9;9;Drama e Romance;O filme é reconhecido pela alta qualidade de sua produção, incluindo direção de Fábio Barreto, atuações elogiadas (especialmente Glória Pires e Patrícia Pillar), além de um design de produção e figurinos que recriam com esmero a época e o ambiente dos imigrantes italianos no sul do Brasil. A cinematografia e a trilha sonora também são pontos altos.;Baseado na obra de José Clemente Pozenato, o filme apresenta uma narrativa envolvente sobre amor, traição, tradições e as complexas relações humanas em uma comunidade de imigrantes. Os temas de escolhas difíceis, a busca pela felicidade e a adaptação cultural ressoam com profundidade emocional.;Indicado ao Oscar de Melhor Filme Estrangeiro em 1996 (filmes de 1995). Essa indicação gerou um buzz significativo tanto nacional quanto internacionalmente, colocando o filme em destaque.;"A família Barreto, produtora do filme, investiu ativamente na promoção de ""O Quatrilho"" nos Estados Unidos, incluindo exibições e material de divulgação para os membros da Academia. Embora modesta para os padrões de grandes estúdios, essa campanha foi crucial e bem-sucedida, culminando na importante indicação ao Oscar.";O filme cumpriu todas as regras de elegibilidade da Academia para ser indicado em 1996. Lançado no Brasil em 1995, sua campanha e exibição nos EUA foram programadas para coincidir com a temporada de premiações, garantindo que estivesse fresco na memória dos votantes.;"As atuações em ""O Quatrilho"" são consistentemente apontadas como um dos maiores trunfos do filme. Glória Pires (Pierina) e Patrícia Pillar (Teresa) entregam performances memoráveis e intensas. Bruno Campos (Massimo) e Alexandre Paternost (Angelo) também complementam o quarteto principal com solidez."
880;A Excêntrica Família de Antônia;9;9.5;9.0;7.5;9.5;9.0;Comédia Dramática;A cinematografia de Willy Stassen é excelente, misturando realismo bucólico com toques de realismo mágico. Destaca-se pela beleza visual, composições pictóricas, uso magistral da luz natural e a forma respeitosa e íntima como retrata as personagens femininas.;A narrativa é uma saga familiar cativante e rica em detalhes, contada de forma não linear por gerações de mulheres. O roteiro de Marleen Gorris transita entre comédia e drama, abordando temas como independência, amor, morte e liberdade com franqueza e humanidade.;"Vencedor do Oscar de Melhor Filme Estrangeiro em 1996, concorrendo com ""O Quatrilho"". Isso gerou um grande buzz global e ampliou significativamente sua visibilidade.";A campanha de marketing beneficiou-se do prestígio da vitória no Oscar e do boca a boca positivo, que se beneficiou do prestígio dos prêmios e do boca a boca positivo.;Altamente elegível para prêmios e festivais, o filme foi a escolha da Holanda para o Oscar de 1996, onde venceu. Seu sucesso também se deveu ao timing perfeito, pois ressoou com o crescente interesse por narrativas femininas fortes e diversas no cinema global dos anos 90.;As atuações são excelentes, com Willeke van Ammelrooy entregando uma performance magnética como Antônia. O elenco de apoio também é notável, construindo personagens vibrantes e críveis com uma química forte.
27098;All Things Fair;8.5;9;9;7.5;9;9;Drama;Dirigido pelo renomado Bo Widerberg, o filme é elogiado por sua bela cinematografia, que captura tanto a intimidade dos personagens quanto o ambiente da Suécia durante a Segunda Guerra Mundial. A direção de Widerberg é sensível ao explorar um tema delicado.;O filme aborda a controversa e complexa relação amorosa entre um estudante de 15 anos e sua professora de 37, tendo como pano de fundo a Segunda Guerra Mundial. A narrativa explora temas como o despertar sexual, a perda da inocência, o tabu social, o poder e a solidão.;"Indicado ao Oscar de Melhor Filme Estrangeiro em 1996, competindo com ""O Quatrilho"". Ganhou o Urso de Prata (Contribuição Artística Individual para Bo Widerberg) e foi indicado ao Urso de Ouro no Festival de Berlim de 1996. No Guldbagge Awards (Suécia), ganhou Melhor Filme, Melhor Diretor e Melhor Ator Coadjuvante.";Como representante oficial da Suécia para o Oscar, o filme certamente teve uma campanha de divulgação direcionada aos membros da Academia. A própria indicação sugere que a visibilidade internacional foi eficaz.;Lançado na Suécia em 1995, o filme cumpriu os critérios de elegibilidade para ser considerado para o Oscar de Melhor Filme Estrangeiro de 1996.;As atuações são um ponto forte do filme. Johan Widerberg (estudante Stig) e Marika Lagercrantz (professora Viola) entregam performances convincentes e corajosas. Tomas von Brömssen também foi reconhecido com o Guldbagge de Melhor Ator Coadjuvante.
124617;Dust of Life;7.5;9;8;7;9;8.5;Drama;"O filme de Rachid Bouchareb é notável por sua abordagem realista e direção que busca imergir o espectador na dura realidade dos campos de ""reeducação"" no Vietnã pós-guerra para crianças filhas de soldados americanos e mulheres vietnamitas. A cinematografia e o design de produção são eficazes em transmitir a austeridade e a opressão do ambiente.";A narrativa é poderosa e comovente, focando na luta pela sobrevivência e pela identidade de crianças marginalizadas em um contexto histórico brutal. Aborda temas como abandono, resiliência infantil, os horrores da guerra e suas consequências, e a busca por liberdade.;"Indicado ao Oscar de Melhor Filme Estrangeiro em 1996, competindo com ""O Quatrilho"". A própria nomeação pela Academia já o colocou em um patamar de destaque global.";"Como filme representante da Argélia, ""Dust of Life"" contou com o apoio de órgãos de fomento e distribuidores para sua campanha ao Oscar. O esforço para garantir que os membros da Academia assistissem ao filme foi essencial para a nomeação.";Lançado em 1995, o filme cumpriu os requisitos de elegibilidade para concorrer ao Oscar de 1996. Sua submissão pela Argélia permitiu que fosse considerado e, por fim, nomeado.;O filme se destaca pelas performances naturalistas de seu jovem elenco, muitos dos quais não eram atores profissionais. Essa escolha contribui para a autenticidade e o impacto emocional da história.
37975;O Homem das Estrelas;8.5;9.0;8.0;8.0;9.0;9.0;Drama;A cinematografia de Dante Spinotti é marcante, capturando a beleza árida da Sicília pós-guerra. Utiliza a luz natural e enquadramentos expressivos para destacar a esperança e a desilusão dos personagens, criando uma atmosfera que é ao mesmo tempo realista e profundamente evocativa.;A narrativa é uma rica mistura de comédia, drama e crítica social. Explora a vulnerabilidade humana e a ilusão da fama através da jornada de um charlatão, Joe Morelli, e das vidas de camponeses sonhadores.;"Indicado ao Oscar de Melhor Filme Estrangeiro em 1996, concorrendo com ""O Quatrilho"". Ganhou o Grande Prêmio Especial do Júri em Veneza (1995). Isso gerou buzz e aumentou sua visibilidade global.";"""O Homem das Estrelas"" conquistou uma boa visibilidade global, impulsionada pela sua indicação ao Oscar e pelo prêmio no Festival de Veneza. Esses reconhecimentos geraram um buzz importante, permitindo que o filme de Tornatore alcançasse um público considerável.";Com alta elegibilidade para prêmios e festivais devido à reputação de Tornatore, o filme se beneficiou de um timing oportuno. Sua temática de sonhos e desilusão, ambientada na Sicília pós-guerra, ressoou bem com o público e a crítica da época.;As atuações são excelentes. Sergio Castellitto entrega uma performance magistral como Joe Morelli. Tiziana Lodato é comovente em seu papel ingênuo. O elenco de apoio adiciona autenticidade e riqueza.
;;;;;;;;;;;;;;
21253;O Que É Isso, Companheiro?;8.0;8.5;8.0;8.5;8.5;8.5;Drama e Suspense Político;"""O Que É Isso, Companheiro?"" é tecnicamente bem executado. A direção de Bruno Barreto é ágil e busca um ritmo de thriller. O roteiro, adaptado da obra de Fernando Gabeira, tenta equilibrar perspectivas. As atuações são geralmente sólidas.";A narrativa é baseada em um evento histórico real e altamente polêmico, o que por si só a torna impactante. O filme aborda temas como a ditadura militar no Brasil, a luta armada, o idealismo revolucionário e as consequências da violência política.;Indicado ao Oscar de Melhor Filme Estrangeiro em 1998 (filmes de 1997). Gerou um buzz significativo no Brasil e internacionalmente, principalmente por sua temática polêmica e por ser uma coprodução com nomes internacionais (como Alan Arkin).;A campanha de marketing foi bastante ativa, especialmente impulsionada pela sua indicação ao Oscar. Focaram em destacar a relevância histórica da trama, o elenco e a direção de Bruno Barreto. A controvérsia em torno do tema também serviu como um elemento de marketing.;O filme cumpriu todos os critérios de elegibilidade da Academia para o Oscar de 1998. O timing foi favorável, pois havia um interesse crescente em filmes que revisitassem eventos históricos e políticos controversos.;As atuações são um ponto forte do filme. Pedro Cardoso e Selton Mello entregam performances convincentes. Fernanda Torres e Alan Arkin também se destacam, com Arkin trazendo nuance a um papel complexo.
17139;Caráter (Karakter);9.0;9.0;8.8;8.8;9.0;9.5;Drama;Considerado tecnicamente impecável. A direção de Mike van Diem é precisa e atmosférica, recriando a Roterdã dos anos 20 com maestria. O roteiro é denso e inteligente. A cinematografia sombria e a direção de arte são excelentes.;Narrativa poderosa sobre a luta por identidade, ambição, destino e a influência paterna. A relação tóxica entre pai e filho é central, abordando temas universais de amor, ódio, perdão e autodescoberta.;"Vencedor do Oscar de Melhor Filme Estrangeiro em 1998, competindo com ""O Que É Isso, Companheiro?"". Teve um forte buzz e reconhecimento na Holanda e em festivais europeus antes do Oscar.";A campanha focou na complexidade da história e na excelência das atuações e da direção. A vitória no Oscar demonstra a eficácia do FYC em ressaltar os méritos artísticos do filme.;Cumpriu todos os requisitos de elegibilidade. O timing foi favorável para dramas intensos e psicologicamente complexos que ofereciam uma visão culturalmente específica, mas com apelo universal sobre relações humanas.;O filme é sustentado por performances magistrais. Fedja van Huêt entrega uma atuação nuanceada e poderosa como Jacob, e Jan Decleir é assombroso como Dreverhaven, o pai.
312;A Música e o Silêncio (Jenseits der Stille);8.5;9.0;8.0;8.0;8.5;8.8;Drama;Um filme sensível e bem dirigido, com uma cinematografia que capta a beleza dos momentos musicais e a expressividade da língua de sinais. O roteiro é emocionalmente envolvente, e a direção de Caroline Link é sutil e eficaz.;A narrativa é tocante e universal, explorando a relação familiar, a busca pela identidade, a paixão pela arte e a superação de barreiras de comunicação. O contraste entre o mundo dos ouvintes e dos surdos é abordado com empatia.;"Indicado ao Oscar de Melhor Filme Estrangeiro em 1998, competindo com ""O Que É Isso, Companheiro?"". Teve um bom reconhecimento na Alemanha e em festivais internacionais.";A campanha de marketing provavelmente focou na sua natureza inspiradora e na abordagem emocional de uma história familiar única. A qualidade das atuações e a relevância da temática da inclusão foram pontos chave para o FYC.;Cumpriu os requisitos de elegibilidade. O timing foi oportuno para histórias que celebravam a superação de desafios e a força dos laços familiares, um apelo frequente em categorias de filmes estrangeiros.;"Sylvie Testud é excelente no papel de Lara, mostrando a complexidade de ser uma ""ponte"" entre dois mundos. As atuações dos atores que interpretam os pais surdos também são muito expressivas e convincentes."
92603;Segredos do Coração (Secretos del corazón);8.5;8.8;8.0;7.8;8.5;8.8;Drama;Um filme visualmente belo, com uma cinematografia que evoca a atmosfera mágica e misteriosa da infância e do campo. A direção de Montxo Armendáriz é sutil e poética, criando um drama íntimo e atmosférico.;A narrativa é delicada e impactante, explorando temas como memória, segredos familiares, a perda da inocência e a transição da infância para a compreensão do mundo adulto. Ressoa profundamente pela sua universalidade.;"Indicado ao Oscar de Melhor Filme Estrangeiro em 1998, competindo com ""O Que É Isso, Companheiro?"". Teve um bom reconhecimento na Espanha e em festivais, sendo um dos filmes espanhóis mais aclamados do ano.";A campanha de marketing provavelmente focou na beleza visual, na profundidade emocional e na temática da infância e dos segredos. A indicação ao Oscar aumentou significativamente sua visibilidade internacional.;Cumpriu os requisitos de elegibilidade. O timing foi favorável para dramas de amadurecimento e histórias que exploravam a psicologia infantil e os mistérios familiares.;Andoni Erburu, como o jovem Javi, entrega uma atuação natural e cativante. O elenco adulto, incluindo Carmelo Gómez, também oferece performances sólidas.
46187;O Ladrão (Vor);8.5;9.0;8.0;7.8;8.5;9.0;Drama;Um filme visualmente impactante, com uma cinematografia que retrata a dureza da vida pós-guerra na Rússia. A direção de Pavel Chukhray é visceral e emocionalmente intensa, capturando a complexidade dos personagens.;A narrativa é uma história de amadurecimento e sobrevivência em um período conturbado. Explora temas como a inocência perdida, a busca por uma figura paterna, a natureza do bem e do mal, e o legado da guerra e da criminalidade na Rússia.;"Indicado ao Oscar de Melhor Filme Estrangeiro em 1998, competindo com ""O Que É Isso, Companheiro?"". O filme teve um bom reconhecimento em festivais europeus e na Rússia.";A campanha de marketing provavelmente focou na intensidade dramática da história, na recriação do período pós-guerra e nas performances do elenco. A indicação ao Oscar foi a principal ferramenta de visibilidade.;Cumpriu os requisitos de elegibilidade. O timing foi favorável para dramas históricos que abordavam o impacto da guerra e as complexidades sociais em países do leste europeu.;Vladimir Mashkov entrega uma atuação carismática e ambígua como Tolyan. Misha Philipchuk, como o menino Sanya, é notável em sua performance infantil. Ekaterina Rednikova também é muito boa como Katya.
;;;;;;;;;;;;;;
666;Central do Brasil;9.8;9.8;10;9.5;9.5;10;Drama;Alta qualidade técnica e artística. Direção sensível de Walter Salles. Roteiro emocionante e socialmente autêntico. Cinematografia poética de Walter Carvalho e edição fluida elevam a obra.;Narrativa universal e profundamente impactante sobre solidão, esperança e laços humanos. A jornada de Dora e Josué aborda o analfabetismo e a dignidade do povo nordestino com sensibilidade e grande ressonância emocional.;Gerou massivo buzz e reconhecimento internacional. Venceu o Urso de Ouro no Festival de Berlim (1998) e o Urso de Prata para Fernanda Montenegro. Indicado ao Oscar de Melhor Filme Estrangeiro e Melhor Atriz (Fernanda Montenegro) em 1999.;"Campanha bem-sucedida, capitalizando o sucesso em Berlim e a universalidade da história. A distribuidora MiraMax investiu em exibições e lobby, usando a figura de Fernanda Montenegro e a força da narrativa para o ""For Your Consideration"".";Cumpriu todos os requisitos de elegibilidade para o Oscar 1999. O timing foi perfeito, aproveitando o crescente interesse por narrativas humanas de diferentes culturas, com um apelo transnacional na temporada de premiações.;Atuações de excelência máxima. Fernanda Montenegro entrega uma performance lendária como Dora (indicada ao Oscar de Melhor Atriz). Vinícius de Oliveira é surpreendente e cativante como Josué. A química entre os dois é autêntica e comovente.
637;A Vida é Bela (La vita è bella);9.5;9.8;10;9.5;10;10;Drama e Comédia;Direção magistral de Benigni, que equilibra comédia e tragédia de forma ousada. Roteiro inovador e profundamente comovente. Cinematografia e trilha sonora memoráveis. Feito técnico e artístico.;Narrativa universal e extremamente impactante sobre amor paternal, esperança e inocência em meio ao horror. Abordagem inovadora do Holocausto gerou forte ressonância emocional e debate.;"Vencedor do Oscar de Melhor Filme Estrangeiro, Melhor Ator (Roberto Benigni) e Melhor Trilha Sonora em 1999, competindo com ""Central do Brasil"". Venceu o Grande Prêmio do Júri em Cannes (1998).";Campanha agressiva e bem-sucedida, capitalizando o sucesso de Cannes e o carisma de Benigni. Presença ativa em eventos e publicidade direcionada aumentaram drasticamente a visibilidade.;Cumpriu todos os requisitos. O timing foi perfeito, oferecendo uma nova perspectiva sobre o Holocausto e capitalizando a popularidade de Benigni, culminando em 7 indicações e 3 vitórias no Oscar.;Roberto Benigni entrega uma performance extraordinária, combinando humor e tragédia de forma genial, o que lhe rendeu o Oscar de Melhor Ator. O elenco de apoio também é excelente.
69851;O Avô (El abuelo);8.5;8.8;8.0;7.8;8.5;9.5;Drama;Drama de época elegantemente dirigido, com cinematografia que evoca a Espanha do século XIX. Roteiro baseado em obra clássica. Direção e design de produção competentes e autênticos.;Narrativa profunda sobre honra familiar, decadência aristocrática, busca por identidade e verdade. Explora dilemas morais e complexidade das relações familiares, refletindo a Espanha em transição.;"Indicado ao Oscar de Melhor Filme Estrangeiro em 1999, competindo com ""Central do Brasil"". Bom reconhecimento na Espanha como um dos destaques do cinema espanhol do ano.";Campanha focada na excelência da atuação de Fernando Fernán Gómez e na qualidade da adaptação clássica. A indicação ao Oscar impulsionou significativamente sua visibilidade internacional.;Cumpriu requisitos de elegibilidade. O timing foi favorável para dramas de época com forte atuação e temática universal sobre família e legado, valorizados pela Academia.;Fernando Fernán Gómez entrega uma performance monumental e central como Don Rodrigo, transmitindo sua dignidade, dor e obstinação de forma poderosa e marcante.
21334;Filhos do Céu (Bacheha-ye âsmân);9.0;9.5;8.5;8.0;9.0;9.5;Drama;Obra-prima de sensibilidade e minimalismo. Direção sutil e profundamente humana. Cinematografia delicada e expressiva. Roteiro tocante e universal em sua simplicidade.;Narrativa incrivelmente impactante em sua simplicidade, explorando inocência infantil, amor fraterno, pobreza e perseverança. Ressoa profundamente pela sua universalidade, mostrando dignidade e beleza em pequenos gestos.;"Indicado ao Oscar de Melhor Filme Estrangeiro em 1999, competindo com ""Central do Brasil"". Grande aclamação em festivais internacionais e no Irã, colocando o cinema iraniano em destaque.";"Campanha focada na universalidade e no apelo emocional da história, bem como na pureza das performances infantis. A visibilidade foi impulsionada por sua reputação de filme ""para a família"" e críticas entusiasmadas.";Cumpriu requisitos de elegibilidade. O timing foi favorável para dramas humanistas que ofereciam uma janela para culturas diferentes, mas com mensagens universais e acessíveis, apelando aos votantes.;As atuações infantis de Mir Farrokh Hashemian (Ali) e Bahare Seddiqi (Zahra) são sublimes e autênticas. Transmitem pureza, preocupação e determinação com naturalidade impressionante, carregando a emoção do filme.
;;;;;;;;;;;;;;
223706;O Menino e o Mundo ;9.8;9.5;9.0;8.5;9.0;9.5;Animação / Drama;O filme é uma obra-prima de excelência visual e narrativa. A animação é inovadora e deslumbrante, utilizando técnicas e estilos variados que conferem uma estética única e expressiva. A direção de Alê Abreu é visionária.;A narrativa é profundamente impactante e universal, contada de forma poética e não-verbal. A jornada do menino Cuca explora temas como a globalização, o impacto ambiental, a exploração do trabalho, a pobreza e a busca por um lugar no mundo.;Indicado ao Oscar de Melhor Animação em 2016. Premiado em diversos festivais internacionais, incluindo o Annecy (Melhor Filme e Prêmio do Público em 2014), pavimentando o caminho para sua indicação ao Oscar.;"Para um filme de animação independente e estrangeiro, a campanha de marketing foi notável. A visibilidade foi impulsionada pela recepção calorosa em festivais e pela sua indicação ao Oscar. Os esforços de ""For Your Consideration"" focaram na sua originalidade artística.";O filme cumpriu os requisitos de elegibilidade da Academia, concorrendo na cerimônia de 2016. O timing foi oportuno, pois o Oscar de Animação estava se abrindo para filmes mais independentes e com estilos visuais distintos.;"Como um filme quase sem diálogos, a ""atuação"" se manifesta principalmente através da expressividade visual dos personagens e da trilha sonora. O design do menino Cuca é incrivelmente eficaz em transmitir emoções."
150540;Divertida Mente (Inside Out);10;10;10;9.8;9.8;9.8;Animação / Comédia Dramática;Animação visualmente espetacular (Pixar/Disney). Roteiro original, inteligente e profundamente emocional. Direção habilidosa, edição precisa e trilha sonora memorável.; Narrativa altamente original e universal, explorando a psicologia e a complexidade das emoções na transição da infância. A temática de aceitar a tristeza ressoa profundamente com todos os públicos.;"Vencedor do Oscar de Melhor Animação em 2016, competindo com ""O Menino e o Mundo"". Grande buzz e aclamação global desde o lançamento. Sucesso de crítica e bilheteria, com inúmeros prêmios antes do Oscar.";"Campanha massiva da Disney/Pixar, vasta distribuição e publicidade. Fenômeno cultural, garantiu máxima visibilidade e ""For Your Consideration"", reforçando seu status de favorito.";Cumpriu todos os requisitos. Timing perfeito, unindo entretenimento de massa com profundidade e inteligência, qualidades muito apreciadas pela Academia em animações.;Dublagem excelente, capturando a personalidade de cada emoção. Expressividade visual sublime dos personagens, transmitindo vasta gama de sentimentos de forma clara e impactante.
291270;Anomalisa;9.0;9.0;8.8;8.5;8.8;9.0;Animação / Drama;Obra original e artisticamente ousada, com stop-motion meticuloso. Direção primorosa na atmosfera de solidão. Roteiro introspectivo e existencial, abordagem única e experimental.;Narrativa profunda sobre condição humana, solidão, tédio existencial e busca por conexão. Temática madura e provocadora, ressoando com quem busca complexidade da psique humana.;"Indicado ao Oscar de Melhor Animação em 2016, competindo com ""O Menino e o Mundo"". Venceu o Grande Prêmio do Júri no Festival de Veneza (2015), garantindo reconhecimento crítico.";Campanha focou em originalidade, stop-motion e Kaufman. Boa visibilidade para animação adulta independente, com Veneza e Oscar impulsionando.;Cumpriu requisitos. Timing favorável para Academia que, ocasionalmente, reconhece animações artísticas e adultas que desafiam as convenções do gênero.;Performances vocais sutis e cruciais. Expressividade dos bonecos em stop-motion fundamental para comunicar emoções e singularidade
263109;Shaun, o Carneiro: O Filme (Shaun the Sheep Movie);8.8;8.5;8.0;8.0;8.8;9.0;Animação / Comédia;Animação em stop-motion de excelência, com humor visual e criatividade. Direção engenhosa sem diálogos. Design de personagens cativante e trilha sonora que complementa o tom cômico e aventuresco;Narrativa divertida e acessível, aventura e amizade. Explora liberdade e trabalho em equipe de forma leve. Universalidade na comédia física e linguagem visual, transcende barreiras linguísticas.;"Indicado ao Oscar de Melhor Animação em 2016, competindo com ""O Menino e o Mundo"". Bom buzz internacional, especialmente entre fãs da Aardman. Aclamado pela crítica por humor e engenhosidade.";Campanha focada na popularidade do personagem e humor sem diálogos. Indicação ao Oscar aumentou visibilidade, posicionando-o como alternativa de animação de alta qualidade.;Cumpriu requisitos. Timing favorável para filmes de animação alternativos, com estilo distinto e apelo universal, demonstrando diversidade do gênero.;"Quase sem diálogos, a ""atuação"" é visual. Expressividade fantástica dos personagens em stop-motion, transmitindo humor e emoção. Design de som e trilha sonora cruciais."
242828;As Memórias de Marnie (Omoide no Marnie);9.0;9.0;8.5;8.2;8.8;9.0;Animação / Drama / Mistério;Animação visualmente deslumbrante do Studio Ghibli. Direção delicada e atmosférica. Roteiro sensível e introspectivo. Trilha sonora bela e evocativa.;Drama tocante sobre amizade, solidão, busca por aceitação e descoberta da própria história. Explora isolamento e conexão de forma profunda e poética, ressoando pela sensibilidade e mistério.;"Indicado ao Oscar de Melhor Animação em 2016, competindo com ""O Menino e o Mundo"". Bom reconhecimento no Japão e entre fãs do Studio Ghibli. Aclamado pela crítica por beleza e profundidade emocional.";Campanha focada na reputação do Studio Ghibli e beleza visual. Indicação ao Oscar aumentou visibilidade, apresentando animação de arte japonesa de alta qualidade.;Cumpriu requisitos. Timing favorável para animações melancólicas e introspectivas, em contraste com as comerciais, mostrando amplitude de estilos no gênero.;Performances de voz (japonesa original) sutis e expressivas. Animação dos personagens rica em detalhes, transmitindo emoções através de expressões e linguagem corporal.
;;;;;;;;;;;;;;
1000837;Ainda Estou Aqui (2024);9.0;9.5;8.8;8.5;9.0;9.5;Drama e Drama Histórico;O filme apresenta uma excelência cinematográfica notável, com a assinatura reconhecível de Walter Salles. A direção é sensível e precisa na adaptação da complexa narrativa do livro. A cinematografia busca a autenticidade e a emoção.;A narrativa é profundamente impactante e de grande relevância histórica e social para o Brasil. Baseada na história real da ativista Eunice Paiva, o filme aborda temas como a ditadura militar, os direitos humanos, a memória, a resiliência familiar, a perda e a luta por justiça.;Submetido pelo Brasil ao Oscar 2025 de Melhor Filme Internacional, mas não obteve a indicação. Ganhou prêmios de Melhor Roteiro (Orizzonti), FIPRESCI e SIGNIS no Festival de Veneza 2024, gerando buzz inicial.;A campanha de marketing foi impulsionada pela escolha para representar o Brasil no Oscar e pela reputação de Walter Salles. A visibilidade foi maximizada no Brasil, mas a não indicação ao Oscar limitou maior alcance internacional.;O filme cumpriu os requisitos de elegibilidade da Academia para o Oscar 2025. O timing foi oportuno pela temática, mas enfrentou forte concorrência internacional.;As atuações são um dos maiores trunfos do filme. Fernanda Montenegro e Fernanda Torres entregam performances poderosas que carregam a emoção da narrativa.
1232827;The Girl With The Needle (2024);8.8;9.2;9.0;8.5;9.0;9.0;Drama e Drama Histórico / Crime;Estética visual impactante e sombria. Direção corajosa de Magnus von Horn ao explorar tema perturbador. Roteiro denso com complexidade moral. Cinematografia e design de produção contribuem para o tom de pesadelo e recriação de época.;Narrativa extremamente impactante e perturbadora, baseada em fatos reais. Aborda temas universais de pobreza extrema, desespero feminino, infanticídio e moralidade. Sua abordagem sem concessões gera profunda reflexão sobre condições sociais.;Indicado ao Oscar 2025 de Melhor Filme Internacional (Dinamarca). Vic Carmen Sonne ganhou Melhor Atriz no Festival de Cannes 2024. A seleção para a Competição Oficial de Cannes já havia garantido visibilidade global.;Campanha beneficiou-se da seleção e prêmio em Cannes e da indicação ao Oscar. Visibilidade focou na natureza sombria e provocadora da história, excelência visual e performances.;Cumpriu requisitos de elegibilidade (estreia em Cannes 2024). Indicado ao Oscar 2025. Timing favorável para filmes que abordam realidades históricas duras com intensidade dramática.;Atuações cruciais para a intensidade do filme. Vic Carmen Sonne (Karoline) entrega performance visceral, reconhecida em Cannes. Trine Dyrholm (Dagmar Overbye) também elogiada por sua interpretação complexa.
974950;Emilia Pérez (2024);9.5;9.3;9.8;9.2;9.5;9.8;Musical / Comédia / Drama / Crime;Obra cinematográfica ousada e inovadora, que mistura gêneros de forma única. A direção de Jacques Audiard é elogiada por sua audácia. O roteiro é original e ambicioso. A trilha sonora original é um elemento central.;A narrativa é altamente original e impactante, explorando temas complexos como identidade de gênero (transição), redenção, maternidade/paternidade, crime organizado, amor e a busca por autenticidade. O filme ressoa por sua abordagem humanista.;Indicado ao Oscar 2025 de Melhor Filme Internacional (França). Buzz extraordinário após o Festival de Cannes 2024, onde conquistou o Prêmio do Júri e o prêmio de Melhor Atriz (coletivo para Karla Sofía Gascón, Selena Gomez, Zoe Saldaña e Adriana Paz).;A campanha de marketing foi extremamente beneficiada pelo sucesso de Cannes e pela indicação ao Oscar. A visibilidade foi impulsionada por sua natureza de musical, temática relevante e elenco conhecido.;Cumpriu os requisitos de elegibilidade. Indicado ao Oscar 2025. O timing é excepcional, pois a Academia tem demonstrado interesse em filmes que desafiam formatos e abordam temáticas sociais relevantes.;As atuações são um dos maiores triunfos do filme, reconhecidas em Cannes. Karla Sofía Gascón entrega uma performance transformadora. Zoe Saldaña e Selena Gomez também surpreendem e brilham.
1278263;The Seed of the Sacred Fig (2024);9.2;9.7;10;9.5;9.8;9.0;Drama / Thriller Político;Cinema político e social poderoso. Direção de Mohammad Rasoulof tensa, claustrofóbica e corajosa. Roteiro afiado e alegórico. Cinematografia contribui para o clima de suspense.;A narrativa é extremamente impactante e de urgência política, abordando a repressão e a ditadura na sociedade iraniana através da micro-esfera familiar. Temas como autoritarismo, justiça, corrupção, paranoia, direitos das mulheres são explorados.;Vencedor do Oscar 2025 de Melhor Filme Internacional (Alemanha). Buzz global sem precedentes devido à situação pessoal do diretor. Conquistou o Prêmio Especial do Júri no Festival de Cannes 2024.;A campanha de marketing foi imensamente impulsionada pela história do diretor, pela escolha da Alemanha como representante e pelos prêmios em Cannes, culminando na vitória do Oscar.;Cumpriu os requisitos de elegibilidade. Vencedor do Oscar 2025. O timing foi extraordinariamente oportuno, dado o contexto geopolítico e a atenção global para a repressão no Irã.;As atuações são contidas, mas profundamente eficazes em transmitir a tensão e a paranoia. Os atores entregam uma naturalidade que intensifica o realismo da situação familiar.
823219;Flow (2024);9.3;9.0;9.5;8.8;9.0;9.2;Animação / Aventura / Drama;Obra de excelência visual e técnica na animação. Direção de Gints Zilbalodis impressionante, criando um mundo aquático pós-apocalíptico. Cinematografia digital e design de personagens muito elogiados. Trilha sonora crucial.;A narrativa, contada de forma quase inteiramente visual e sem diálogos, é profundamente impactante e universal. Explora temas como sobrevivência, resiliência, cooperação em crise, e a relação com a natureza.;Indicado ao Oscar 2025 de Melhor Animação (Letônia). Buzz significativo desde a estreia. Venceu o prêmio principal na seção Un Certain Regard (Cannes 2024) e o Cristal de Melhor Longa-Metragem no Festival de Annecy 2024.;A campanha de marketing se beneficiou enormemente das distinções em Cannes e Annecy, e da indicação ao Oscar. Visibilidade impulsionada por sua originalidade como animação quase sem diálogos.;Cumpriu os requisitos de elegibilidade. Indicado ao Oscar 2025. O timing é favorável para animações de diferentes estilos e origens, que exploram temáticas complexas de forma não convencional.;"Como um filme quase sem diálogos, a ""atuação"" é transmitida predominantemente pela expressividade visual dos personagens e pela trilha sonora. O design do gato protagonista é incrivelmente eficaz em comunicar emoções."
